timestamp,article,sentiment_score,label,explanation
2025-04-13T12:01:51.867755,David McWilliams: ‘I’ve never seen anything like this economic chaos. Buckle up’. Punters and businesses have reacted to the past few weeks of chaos by becoming much less confident about the future,-0.7652,Negative,"Yes.

**How it could influence stock markets:**

*   **Increased Uncertainty and Negative Sentiment:** The article highlights economic chaos and a decline in confidence among both consumers (""punters"") and businesses. This creates a negative sentiment that can lead to:
    *   **Reduced Consumer Spending:** If consumers are less confident, they tend to spend less. This can hurt companies in the retail, consumer goods, and leisure sectors, potentially leading to lower sales, profits, and stock prices.
    *   **Reduced Business Investment:** Businesses may become hesitant to invest in expansion, hiring, or new projects when they are uncertain about the future. This can slow economic growth and negatively impact companies in sectors like construction, manufacturing, and technology.
    *   **Increased Risk Aversion:** Investors might become more risk-averse, leading them to sell off riskier assets (like stocks) and move towards safer investments (like bonds or cash). This can cause stock prices to decline.
*   **Impact on Specific Sectors:** The article's impact will vary based on the specific sectors. Sectors that are most sensitive to consumer spending (like retail, travel, and hospitality) or business investment (like construction and manufacturing) are likely to be most negatively affected.
*   **Market Volatility:** The article's tone of chaos and uncertainty can increase market volatility. Investors may react sharply to any new information or economic data, leading to larger price swings.
*   **Media Amplification:** The media coverage itself can amplify the effects. If other news outlets pick up on the story and reinforce the negative sentiment, it can further erode confidence and put downward pressure on stock prices.
*   **Economic Indicators:** If the economic chaos mentioned leads to actual declines in key economic indicators (like GDP growth, employment, or inflation), this will confirm the negative sentiment and likely have a more significant negative impact on the stock market.
*   **Expert credibility:** David McWilliams is a well-known economist. His opinion, if he is considered an expert, has a high chance of influencing the market.

In summary, the article's message of economic chaos and declining confidence is likely to have a negative impact on the stock market by fostering uncertainty, reducing spending and investment, and increasing risk aversion."
2025-04-13T12:01:54.779693,"Joe Rogan Squirms As He’s Called Out For Legitimizing ‘Dangerous’ People With ‘S**t’ Ideas. Commentator Douglas Murray grilled the comedian about his “selection of guests,” considering Rogan has the “world’s No. 1 podcast.”",0.1027,Negative,"Yes.

Here's how the news article could influence stock markets:

*   **Impact on Spotify (SPOT):** Joe Rogan's podcast, ""The Joe Rogan Experience,"" is exclusive to Spotify. If the article leads to:
    *   **Negative publicity for Rogan:** This could damage his reputation and the value of his brand.
    *   **Calls for boycotts or cancellations:** If the public or advertisers express concern about Rogan's guests or content, it could lead to calls for Spotify to remove the podcast or face boycotts. This could negatively impact Spotify's subscriber numbers, advertising revenue, and stock price.
    *   **Increased scrutiny of Spotify's content moderation:** The article could reignite debates about Spotify's responsibility for the content on its platform, potentially leading to increased regulatory pressure or calls for stricter content moderation policies. This could increase costs for Spotify or limit its freedom of speech.
*   **Indirect Impact on Other Media Companies:** While the direct impact is on Spotify, the article could also influence the stock prices of other media companies, particularly those involved in podcasting or streaming content. If investors perceive a broader shift in consumer preferences or increased risk in the media landscape, they might adjust their investments accordingly.
*   **Brand Perception:** The article, and the debate it sparks, could influence the perception of brands that advertise on Rogan's podcast or on Spotify. If advertisers become concerned about being associated with controversial content, they might pull their ads, which could affect Spotify's revenue.

In short, the article's potential to damage Joe Rogan's reputation and/or create negative publicity for Spotify makes it likely to influence the stock market."
2025-04-13T12:01:58.400682,U.S.–ROK Cooperation Can Shape the Nuclear Energy Market and Strengthen Nonproliferation. The relationship between the United States and South Korea has become a strategic necessity for sustaining leadership in the nuclear energy market and preserving the integrity of the global nonproliferation regime. Nuclear geopolitics has been in crisis. The …,0.7003,Positive,"Yes.

**Explanation:**

This article, while seemingly focused on international relations and energy policy, can influence stock markets in several ways:

*   **Impact on Nuclear Energy Companies:** The article highlights cooperation between the U.S. and South Korea in the nuclear energy market. This suggests potential growth and investment opportunities for companies involved in:
    *   **Nuclear reactor construction:** Companies like Westinghouse (owned by Brookfield Business Partners) or GE Hitachi Nuclear Energy could benefit from increased projects.
    *   **Nuclear fuel production:** Companies involved in uranium mining, enrichment, and fuel fabrication (e.g., Cameco, Orano) could see increased demand and potentially higher stock prices.
    *   **Nuclear technology and services:** Companies providing engineering, maintenance, and other services to nuclear power plants could also be positively affected.
*   **Geopolitical Risk and Market Sentiment:** The article mentions nuclear geopolitics being ""in crisis"" and the importance of nonproliferation. This can create uncertainty and volatility.
    *   **Positive sentiment:** If the cooperation is seen as stabilizing the situation and reducing geopolitical risks, it could boost investor confidence in the nuclear energy sector.
    *   **Negative sentiment:** Conversely, if the situation is perceived as worsening, it could lead to risk aversion and negatively impact the broader market.
*   **Government Policies and Subsidies:** The article's focus on cooperation suggests potential government support and policy changes in both the U.S. and South Korea to promote nuclear energy. This can:
    *   **Attract investment:** Encourage investment in nuclear energy projects through subsidies, tax breaks, or other incentives.
    *   **Create demand:** Drive demand for nuclear power, further benefiting companies in the sector.
*   **Long-Term Outlook:** The article speaks to the long-term strategic importance of nuclear energy. This can influence investor perceptions of the sector's growth potential over the coming decades.

**In summary:** The article's discussion of international cooperation, market leadership, and nonproliferation in the nuclear energy market is likely to influence stock markets by impacting the prospects of companies involved in the nuclear energy sector, influencing investor sentiment, and potentially driving government policies that affect the industry."
2025-04-13T12:02:01.401023,"Trump's Financial Shakedown: Top Banker Claims America Facing 'Considerable Turbulences' and 'Trade Wars' as Citizens Await Unpredictable President's Next Tariffs Move. JPMorgan Chase CEO Jamie Dimon is calling out Donald Trump's tariff-obsessed decisions, claiming the damage has already been done to America.",-0.7783,Negative,"Yes.

Here's why this article is likely to influence stock markets:

*   **High-Profile Source and Credibility:** The article quotes Jamie Dimon, the CEO of JPMorgan Chase, one of the largest and most influential banks in the world. His statements carry significant weight due to his position and expertise in financial markets. Investors pay close attention to his views.
*   **Negative Economic Outlook:** Dimon is explicitly warning about ""considerable turbulences"" and ""trade wars."" These phrases suggest potential economic downturns, which can scare investors.
*   **Impact of Trade Wars:** Dimon directly links the potential problems to Trump's trade policies (tariffs). Trade wars can disrupt global supply chains, increase costs for businesses, and reduce international trade, all of which can negatively affect corporate profits and economic growth.
*   **Uncertainty and Volatility:** The article highlights the ""unpredictable"" nature of Trump's tariff decisions. Uncertainty is a major driver of market volatility. Investors dislike uncertainty and may sell assets to reduce their risk exposure.
*   **Market Sentiment:** The article can influence market sentiment. If investors believe Dimon's assessment is accurate, they might become more cautious and sell stocks, leading to a decline in stock prices.
*   **Media Coverage and Amplification:** The news article is likely to be picked up by other financial news outlets, spreading Dimon's warnings to a wider audience and potentially amplifying the market impact.
*   **Direct Impact on Financial Institutions:** As the CEO of a major financial institution, Dimon's concerns on ""turbulences"" and ""trade wars"" are likely to influence the investment decisions of JPMorgan Chase itself, as well as other financial institutions, which could further impact the stock markets."
2025-04-13T12:02:03.550595,"Dow up over 600 pts at close with geopolitics in focus. Wall Street equities traded with gains at the closing bell on Friday, ending a tumultuous week for the markets. Investors' focus shifted from the trade row between the United States and China to geopo...",0.6369,Positive,"Yes, this news article is likely to influence stock markets. Here's why:

*   **Market-Moving Headline:** The headline itself (""Dow up over 600 pts at close..."") directly reports a significant gain in a major market index (the Dow Jones Industrial Average). This immediately conveys a positive sentiment, which can encourage buying and further upward movement in the market.
*   **Geopolitical Focus:** The article mentions a shift in focus from trade disputes to geopolitics. Geopolitical events (wars, political instability, international relations) often have a significant impact on markets. This indicates that investors are reacting to and considering these broader global factors.
*   **Volatility and Investor Sentiment:** The phrase ""tumultuous week"" suggests market volatility. Investors are always sensitive to volatility. The article's focus on geopolitics indicates a shift in investor sentiment and could affect the direction of future stock prices.
*   **Impact on Trading Decisions:** The information in the article will influence trading decisions. Investors, traders, and financial institutions will use this information to make informed decisions about buying or selling stocks, which can cause prices to move."
2025-04-13T12:02:07.520916,"Geopolitics Just Cranked Up Your Threat Model, Again. Here’s What Cyber Pros Need to Know. If it feels like your entire cybersecurity program is once again operating on a geopolitical fault line, you're not imagining things.The intersection of global politics and cybersecurity has grown a whole lot messier — and more consequential — in recent weeks…",-0.5574,Negative,"Yes.

Here's how the news article about geopolitics and cybersecurity is likely to influence stock markets:

*   **Increased Cybersecurity Spending:** The article highlights the growing importance of cybersecurity in the face of geopolitical instability. This suggests that companies, particularly those in critical infrastructure, finance, defense, and other sectors vulnerable to cyberattacks, will need to increase their cybersecurity spending. This increased spending could lead to:
    *   **Positive Impact on Cybersecurity Companies:** Companies that provide cybersecurity products and services (e.g., CrowdStrike, Palo Alto Networks, Fortinet) are likely to see increased demand for their offerings, potentially leading to higher revenues, earnings, and stock prices.
    *   **Impact on Tech and IT Companies:** Companies that provide IT services and consulting may see higher demand.
*   **Risk Assessment and Uncertainty:** The article emphasizes increased risk and uncertainty. This could lead to:
    *   **Market Volatility:** Investors might become more cautious and risk-averse, leading to increased market volatility.
    *   **Sector-Specific Concerns:** Investors may be more concerned about companies operating in sectors that are particularly vulnerable to cyberattacks or geopolitical risks.
*   **Government Actions and Regulations:** Geopolitical tensions often lead to increased government regulation and intervention in cybersecurity. This could affect:
    *   **Regulatory Changes:** New regulations could create opportunities for some companies (e.g., those helping other companies comply with new regulations) and challenges for others.
    *   **Increased Government Spending:** Governments may increase their own cybersecurity budgets, which could indirectly benefit cybersecurity companies.
*   **Impact on Specific Sectors:** The article's implications are not uniform across the market. Industries like:
    *   **Financial Services:** Banks and other financial institutions are highly susceptible to cyberattacks, making them a focus for investors.
    *   **Defense:** Defense contractors are often involved in cybersecurity and may see increased demand.
    *   **Critical Infrastructure:** Companies managing power grids, utilities, and other critical infrastructure are at high risk and could be significantly impacted by increased cybersecurity threats.
*   **Investor Sentiment:** The overall tone of the article is likely to be serious and potentially alarming. This could influence investor sentiment and lead to shifts in investment strategies.

In conclusion, this article directly addresses a critical concern for businesses and governments globally, creating a ripple effect of potential impacts on various sectors and the overall market."
2025-04-13T12:02:10.218018,"China’s Tariff Retaliation, What’s Next For Trump, Apple, And The Job Market. There’s a case for cautious optimism. Tariffs could push companies to innovate, reducing reliance on China and shaky global supply chains.",0.6597,Positive,"Yes.

Here's how the news article could influence stock markets:

*   **Trade War Concerns:** The article explicitly mentions ""China's Tariff Retaliation"" and ""Trump,"" indicating a continuation or escalation of trade tensions. Trade wars create uncertainty, which is a major driver of market volatility. Investors dislike uncertainty.
*   **Impact on Specific Companies:** The article highlights ""Apple,"" which is a major publicly traded company. Tariffs directly impact Apple's cost of goods sold, profit margins, and sales, making it a high-stakes player in any trade-related news.
*   **Job Market Implications:** The article mentions the ""Job Market."" Economic indicators like employment figures are crucial for investor sentiment. Any news suggesting job losses or gains due to trade will be closely scrutinized.
*   **Supply Chain Disruptions:** The article discusses ""shaky global supply chains."" Disruptions to supply chains can increase costs and reduce efficiency for companies, potentially leading to lower profits.
*   **Overall Sentiment Shift:** The article's tone of ""cautious optimism"" could influence investor sentiment. However, the article's inherent uncertainty, particularly regarding tariffs, could lead to a wait-and-see approach, or even a sell-off if investors believe the risks outweigh the potential benefits.
*   **Innovation and Long-Term Impact:** The article mentions companies innovating to reduce reliance on China. While this could be positive long-term, the short-term costs of restructuring and innovation could weigh on stock prices."
2025-04-13T12:02:12.941263,"Jamie Dimon says U.S. economy faces ""considerable turbulence"". JPMorgan CEO Jamie Dimon warns that tariffs are likely to boost inflation, while urging the Trump administration to strike trade deals.",0.2023,Positive,"Yes.

**Explanation:**

This news article is likely to influence the stock markets due to the following reasons:

*   **High-Profile Source:** Jamie Dimon is the CEO of JPMorgan Chase, one of the largest and most influential financial institutions in the world. His opinions and predictions are taken seriously by investors and analysts.
*   **Negative Outlook:** Dimon's warning of ""considerable turbulence"" signals potential economic headwinds. This can create uncertainty and worry among investors.
*   **Inflation Concerns:** The specific mention of tariffs boosting inflation is a significant concern. Inflation erodes the value of money and can lead to higher interest rates, which can hurt corporate profits and slow economic growth.
*   **Trade Deal Implications:** His urging the Trump administration to strike trade deals suggests that the current trade environment is a source of risk. Trade disputes can disrupt global supply chains and negatively impact companies that rely on international trade.
*   **Market Sentiment:** The combination of a negative outlook from a respected source, coupled with concerns about inflation and trade, can negatively affect market sentiment. This can lead to:
    *   **Increased Volatility:** Investors may become more cautious, leading to wider price swings.
    *   **Selling Pressure:** Some investors may sell their holdings to reduce risk, potentially driving down stock prices.
    *   **Sector-Specific Impact:** Certain sectors (e.g., those heavily reliant on international trade) might be more negatively affected than others.

In summary, the article's content, the credibility of the source, and the potential implications for inflation, trade, and economic growth make it highly likely to influence the stock markets."
2025-04-13T12:02:17.660558,"JPMorgan Credit and Debit Volumes Slow as Reserve for Card Losses Grows. For J.P. Morgan, caution abounds as the bank increased loan loss provisions, designed to cover possible loan losses amid economic turbulence. Management discussed on a conference call Friday (April 11) discussing first-quarter earnings that at the moment, cre…",-0.4588,Negative,"Yes.

**Explanation:**

This news article is highly likely to influence stock markets, specifically the stock price of JPMorgan Chase (JPM) and potentially other financial institutions. Here's why:

*   **Loan Loss Provisions:** The article highlights that JPMorgan is increasing its loan loss provisions. This is a direct indicator that the bank anticipates a higher risk of defaults on its loans (credit and debit card balances in this case). This is a negative signal because:
    *   **Reduced Profitability:** Higher loan loss provisions directly reduce a bank's profits. It means they are setting aside more money to cover potential losses, thus decreasing the amount of money available for distribution to shareholders or reinvestment.
    *   **Economic Concerns:** Increased provisions often reflect concerns about the broader economic outlook. If JPMorgan anticipates more defaults, it suggests they believe the economy is slowing down or facing headwinds (e.g., inflation, recession). This can lead to a general decline in market confidence.
*   **Credit and Debit Volume Slowdown:** The article states that credit and debit volumes are slowing. This indicates that consumers are spending less, which could be a sign of reduced consumer confidence or a response to rising interest rates.
    *   **Impact on Revenue:** Slower spending translates to lower revenues for the bank, as they earn fees and interest from these transactions.
    *   **Wider Market Implications:** Since JP Morgan is a large financial institution, its performance is often seen as a bellwether for the overall economy. The stock market might react negatively to the news because it suggests that the economy is under pressure.
*   **Conference Call Information:** The fact that management discussed these issues on a conference call reinforces the significance of the news. Investors pay close attention to what executives say about the company's performance and outlook. Any negative commentary from the management team could lead to a sell-off in the stock.

**How the Stock Market Might React:**

*   **JPMorgan Chase (JPM) Stock:** The stock price of JPMorgan Chase is likely to decline, at least in the short term. Investors will likely sell shares, anticipating lower profits and a potentially weaker economic environment.
*   **Other Financial Stocks:** The news could also negatively impact other financial institutions. Investors may worry that similar problems could be affecting other banks, leading to a broader decline in the financial sector.
*   **Overall Market Sentiment:** The news could contribute to a more cautious or negative overall market sentiment. Investors may become more risk-averse and sell off other stocks, fearing a broader economic slowdown.
*   **Impact on Interest Rates:** The news might even influence the Federal Reserve's decision on interest rates. The market may anticipate that the Fed would become more cautious with future rate hikes.

In summary, the combination of increased loan loss provisions, slowing credit and debit volumes, and management commentary is a strong signal of potential economic challenges, which is likely to trigger a negative reaction in the stock market."
2025-04-13T12:06:31.918518,David McWilliams: ‘I’ve never seen anything like this economic chaos. Buckle up’. Punters and businesses have reacted to the past few weeks of chaos by becoming much less confident about the future,-0.7652,Negative,"Yes.

**Explanation:**

This news article is likely to influence stock markets because it directly impacts investor sentiment and, potentially, economic expectations. Here's how:

*   **Negative Sentiment:** The article's headline and content emphasize ""economic chaos"" and a bleak outlook (""Buckle up""). This kind of language can instill fear and uncertainty in investors.
*   **Reduced Confidence:** The article mentions that ""punters and businesses have reacted... by becoming much less confident about the future."" This directly impacts investment decisions. If businesses are less confident, they might reduce investment, hiring, and expansion, which can negatively affect corporate earnings. If individual investors (punters) are less confident, they might sell off their holdings, leading to lower stock prices.
*   **Economic Expectations:** The article's reference to ""economic chaos"" suggests potential problems like inflation, recession, or other economic downturns. This can lead investors to adjust their portfolios, moving away from riskier assets (like stocks) and towards safer ones (like bonds or cash).
*   **Impact on Specific Sectors:** Depending on the details of the ""chaos"" (which the article doesn't fully specify), certain sectors might be more vulnerable. For example, if the chaos is related to supply chain disruptions, companies heavily reliant on those chains might experience stock price declines.

**In summary:** The article's pessimistic tone, the reported decline in confidence, and the implied economic instability are all factors that can lead to a decline in stock prices as investors become more risk-averse and adjust their portfolios."
2025-04-13T12:06:34.871843,"Joe Rogan Squirms As He’s Called Out For Legitimizing ‘Dangerous’ People With ‘S**t’ Ideas. Commentator Douglas Murray grilled the comedian about his “selection of guests,” considering Rogan has the “world’s No. 1 podcast.”",0.1027,Negative,"Yes.

**How:**

*   **Influence on Advertising Revenue and Brand Perception:** Joe Rogan's podcast is a massive platform. Criticism of his guest selection and perceived legitimization of ""dangerous"" ideas can:
    *   **Damage his brand:** If the criticism gains traction, it could tarnish Rogan's reputation and make him less appealing to advertisers.
    *   **Affect advertising revenue:** Advertisers might become wary of associating with a platform facing controversy, leading to a decline in revenue.
    *   **Impact Spotify:** Spotify has an exclusive distribution deal with Rogan. Negative publicity surrounding his podcast could affect Spotify's stock price.
    *   **Influence on subscriber base:** If the criticism leads to a drop in listeners, it could impact Spotify's subscriber base and overall financial performance.

*   **Indirect Impacts:**
    *   **Media attention:** The article itself, and any subsequent media coverage of the controversy, can amplify the negative perception.
    *   **Social media reaction:** Social media outrage, boycotts, or calls for advertisers to pull out can put pressure on Rogan and Spotify.
    *   **Long-term impact:** Sustained negative perceptions of Rogan's podcast could lead to long-term effects on its popularity, influence, and financial performance.

**In summary:** Any news that could negatively impact the financial performance of Spotify (which distributes Rogan's podcast) or the popularity and revenue of the podcast itself, can have a potential influence on the stock market."
2025-04-13T12:06:38.277797,U.S.–ROK Cooperation Can Shape the Nuclear Energy Market and Strengthen Nonproliferation. The relationship between the United States and South Korea has become a strategic necessity for sustaining leadership in the nuclear energy market and preserving the integrity of the global nonproliferation regime. Nuclear geopolitics has been in crisis. The …,0.7003,Positive,"Yes.

**Explanation:**

This article, while not directly about stock prices, has the potential to influence stock markets, particularly those related to the following sectors:

*   **Nuclear Energy Companies:** The article explicitly discusses the nuclear energy market. Positive news about cooperation between the U.S. and South Korea could be interpreted as favorable for companies involved in:
    *   **Nuclear reactor construction and maintenance:** Increased cooperation might lead to new projects, contracts, and partnerships.
    *   **Nuclear fuel production and supply:** Stronger ties could facilitate trade and collaboration in this area.
    *   **Nuclear technology and research:** Joint efforts could boost innovation and development.
*   **Companies in the broader energy sector:** Investors may see the article as a signal that the nuclear energy sector is gaining importance and could therefore invest in companies that are involved in other kinds of energy production as well.
*   **Defense and Security Companies:** The article's mention of nonproliferation and strategic importance could indirectly benefit companies involved in related technologies or services.

**How the article might influence the market:**

*   **Investor Sentiment:** The article's tone is likely to be positive, which could improve investor sentiment toward the nuclear energy sector.
*   **Increased Investment:** Investors might increase their investments in companies they believe will benefit from the U.S.-South Korea cooperation.
*   **Stock Price Movements:** Positive sentiment and increased investment could lead to higher stock prices for companies involved in the nuclear energy sector and related industries.
*   **Industry Growth:** The article's focus on cooperation and strategic importance could signal potential growth and opportunity in the nuclear energy market, attracting more investment and encouraging further development.

**Important Considerations:**

*   **Specificity:** The actual impact would depend on the specific details of the cooperation mentioned in the article.
*   **Market Context:** The overall market conditions and investor sentiment at the time of the article's release would also play a role.
*   **Other News:** Other news related to the nuclear energy sector, geopolitical events, and economic factors could also influence the market."
2025-04-13T12:06:41.313837,"Trump's Financial Shakedown: Top Banker Claims America Facing 'Considerable Turbulences' and 'Trade Wars' as Citizens Await Unpredictable President's Next Tariffs Move. JPMorgan Chase CEO Jamie Dimon is calling out Donald Trump's tariff-obsessed decisions, claiming the damage has already been done to America.",-0.7783,Negative,"Yes.

Here's why the news article is likely to influence stock markets:

*   **Source and Credibility:** The article quotes Jamie Dimon, the CEO of JPMorgan Chase. He is a highly respected and influential figure in the financial world. His opinions carry significant weight, and investors pay close attention to his assessments of the economy and market conditions.
*   **Negative Outlook:** The article highlights negative sentiments about the economic impact of Trump's policies. Dimon's statements about ""considerable turbulences"" and the damage from ""trade wars"" paint a pessimistic picture. This can lead to:
    *   **Increased Uncertainty:** Uncertainty is a major driver of market volatility. Dimon's warning can make investors nervous about the future, leading them to sell stocks and move to safer assets.
    *   **Lowered Expectations:** The article suggests that economic growth might be hampered by tariffs and trade wars. This can cause analysts to revise their earnings forecasts downward, which can lead to stock price declines.
    *   **Increased Volatility:** Investors may react quickly to negative news, leading to increased fluctuations in stock prices.

*   **Focus on Trade Policy:** The article specifically mentions Trump's trade policies (tariffs). Trade wars can have a direct impact on many industries, affecting company profits, supply chains, and international relationships. This is a sensitive issue that investors closely monitor.

*   **Market Sentiment:** The article's tone is critical of the current administration's policies. This can influence market sentiment. If investors believe that the policies are damaging, they may reduce their risk exposure, further contributing to market instability."
2025-04-13T12:06:43.746288,"Dow up over 600 pts at close with geopolitics in focus. Wall Street equities traded with gains at the closing bell on Friday, ending a tumultuous week for the markets. Investors' focus shifted from the trade row between the United States and China to geopo...",0.6369,Positive,"Yes.

**Explanation:**

*   **Headline Impact:** The headline itself (""Dow up over 600 pts"") is significant. The Dow Jones Industrial Average (DJIA) is a widely followed index, and a substantial gain like 600 points is likely to grab investors' attention. This can create a positive sentiment (bullishness) and potentially lead to more buying activity.
*   **Shift in Focus:** The article mentions a shift in investor focus from the US-China trade dispute to ""geopolitics."" Geopolitical events (wars, political instability, major policy shifts) can have a major impact on markets because they create uncertainty and can affect global trade, supply chains, and investor confidence.
*   **Impact on Investor Sentiment:** The combination of a strong market close and a shift in focus to geopolitics suggests that investors may be reacting positively to the geopolitical developments or, at the very least, are not as worried about the trade war as they were previously. This can lead to increased trading volume and potentially higher stock prices.
*   **Overall Market Impact:** The article implies that the market is experiencing a positive trend. Positive news, such as a strong closing performance and a shift in focus to geopolitical events, can influence investor sentiment and possibly trigger buying or selling decisions, which can impact the stock market."
2025-04-13T12:06:47.516649,"Geopolitics Just Cranked Up Your Threat Model, Again. Here’s What Cyber Pros Need to Know. If it feels like your entire cybersecurity program is once again operating on a geopolitical fault line, you're not imagining things.The intersection of global politics and cybersecurity has grown a whole lot messier — and more consequential — in recent weeks…",-0.5574,Negative,"Yes.

Here's how the news article could influence stock markets:

*   **Increased Cybersecurity Spending:** The article highlights a worsening geopolitical landscape and its impact on cybersecurity. This suggests that companies, particularly those in critical infrastructure, finance, and government sectors, will likely need to increase their cybersecurity spending. This could lead to:
    *   **Positive impact on cybersecurity companies:** Stocks of companies that provide cybersecurity products and services (e.g., software, hardware, consulting) could see increased investor interest and potentially higher stock prices.
    *   **Negative impact on companies with weak cybersecurity:** Companies perceived as vulnerable to cyberattacks due to insufficient security measures might see their stock prices decline as investors worry about potential financial losses, reputational damage, or regulatory fines.
*   **Impact on specific sectors:** Certain sectors are more vulnerable to cyberattacks. The article may lead to sector-specific impacts:
    *   **Financial institutions:** Banks and financial services companies are prime targets for cyberattacks, so increased geopolitical tensions could put pressure on their stock prices if investors believe they are inadequately protected.
    *   **Technology companies:** Companies that develop or use critical infrastructure are likely to be affected.
    *   **Defense Contractors:** Companies involved in cybersecurity for governments or defense could benefit.
*   **General Market Sentiment:** The article creates uncertainty and risk. Geopolitical instability can increase market volatility. The overall effect on the stock market could be:
    *   **Risk-off sentiment:** Investors may become more risk-averse, leading to a shift from riskier assets (like growth stocks) to safer investments (like government bonds or defensive stocks).
    *   **Increased market volatility:** News that increases uncertainty will likely lead to more price swings.

**In summary:** The article's focus on geopolitical risks and cybersecurity creates a clear connection to the stock market. It directly implies a need for increased spending on cybersecurity, which will affect the performance of companies in the cybersecurity industry and potentially impact the financial health of companies perceived as vulnerable. The overall effect on the broader market depends on how investors interpret the severity of the risks and their willingness to take on risk."
2025-04-13T12:06:50.446058,"China’s Tariff Retaliation, What’s Next For Trump, Apple, And The Job Market. There’s a case for cautious optimism. Tariffs could push companies to innovate, reducing reliance on China and shaky global supply chains.",0.6597,Positive,"Yes.

Here's how the article could influence stock markets:

*   **Impact on Apple:** The article specifically mentions Apple, a major multinational corporation with significant operations in China. Tariffs and trade disputes directly impact Apple's manufacturing costs, supply chain, and ability to sell products in key markets. Investors will closely watch how Apple navigates these challenges, which could affect its stock price.
*   **Job Market Concerns:** The article's mention of the job market is important. Trade wars can lead to job losses in certain sectors or shifts in employment patterns. Investors are sensitive to economic indicators like employment, as they reflect the overall health of the economy and consumer spending.
*   **Supply Chain Disruptions:** The article highlights potential supply chain disruptions. Companies that rely heavily on China for manufacturing or components could face increased costs, delays, or reduced production. This uncertainty can lead to investors re-evaluating their holdings in companies vulnerable to these disruptions.
*   **Geopolitical Uncertainty:** Trade wars create geopolitical uncertainty, which often leads to market volatility. Investors may become more risk-averse, potentially leading to sell-offs in certain sectors or overall market declines.
*   **Innovation and Long-Term Impact:** The article also presents a more optimistic view, suggesting that tariffs could spur innovation and reduce dependence on China. This longer-term perspective could influence investor sentiment positively, especially for companies that are well-positioned to adapt to changing trade dynamics.

**In summary:** The article touches on several factors that are important to the stock market, including the impact on specific companies, the potential for economic disruption, and the overall geopolitical climate. These factors can influence investor sentiment, leading to changes in stock prices."
2025-04-13T12:06:53.052390,"Jamie Dimon says U.S. economy faces ""considerable turbulence"". JPMorgan CEO Jamie Dimon warns that tariffs are likely to boost inflation, while urging the Trump administration to strike trade deals.",0.2023,Positive,"Yes.

Here's why:

*   **High-Profile Source:** Jamie Dimon is the CEO of JPMorgan Chase, one of the largest and most influential financial institutions in the world. His opinions and forecasts carry significant weight.
*   **Economic Outlook:** The article directly addresses the state of the U.S. economy. Dimon's warning of ""considerable turbulence"" suggests potential challenges ahead, which could include a slowdown or even a recession. This kind of negative outlook can shake investor confidence.
*   **Inflation Concerns:** The mention of tariffs potentially boosting inflation is a key concern for investors. Inflation erodes the value of investments and can lead to interest rate hikes by the Federal Reserve, which can further dampen economic growth and stock market performance.
*   **Trade Deal Implications:** Dimon's call for trade deals highlights the importance of international trade to the U.S. economy. Uncertainty surrounding trade policies can create volatility in the markets, particularly for companies heavily involved in international trade.
*   **Market Sentiment:** Negative sentiment from a respected figure like Dimon can quickly spread through the market. Investors may become more cautious, leading to increased selling pressure and potentially a decline in stock prices.
*   **Sector Specific Impact:** Stocks in sectors that are heavily reliant on international trade, such as manufacturing or technology, may see a more pronounced negative impact.

In summary, the article is likely to influence stock markets because it comes from a credible source, discusses key economic concerns (inflation, trade, and economic growth), and could affect investor sentiment."
2025-04-13T12:06:56.413508,"JPMorgan Credit and Debit Volumes Slow as Reserve for Card Losses Grows. For J.P. Morgan, caution abounds as the bank increased loan loss provisions, designed to cover possible loan losses amid economic turbulence. Management discussed on a conference call Friday (April 11) discussing first-quarter earnings that at the moment, cre…",-0.4588,Negative,"Yes.

Here's why this news article is likely to influence stock markets:

*   **Impact on JPMorgan Chase Stock:** The article directly discusses JPMorgan Chase (JPM), a major financial institution. News regarding its financial performance, particularly when it comes to key metrics like credit and debit card volumes, loan loss provisions, and overall earnings, directly affects investor sentiment towards JPM stock.
*   **Loan Loss Provisions:** The fact that JPMorgan is increasing its loan loss provisions is a significant indicator of potential economic concerns. This suggests the bank anticipates more loan defaults, possibly due to a slowing economy, rising interest rates, or other financial pressures on consumers and businesses.
*   **Credit and Debit Volumes:** A slowdown in credit and debit card volumes can signal that consumer spending is decreasing. This is often viewed as a negative sign for economic growth, as consumer spending is a major driver of the economy.
*   **Conference Call:** The fact that the information comes from a conference call with management adds credibility and importance to the news. Management's commentary often provides insights into the company's strategy and outlook, which can influence investor decisions.
*   **Broader Market Implications:** Because JPMorgan Chase is a large and influential financial institution, its performance and outlook often serve as a bellwether for the broader financial sector and even the overall economy. Concerns about JPMorgan's loan portfolio and consumer spending trends can lead to broader market reactions, such as:
    *   **Sell-off in Financial Stocks:** Investors might sell off shares of other banks and financial institutions if they believe these companies are also facing similar risks.
    *   **Increased Market Volatility:** Uncertainty about the economy's health can lead to increased market volatility, with prices fluctuating more than usual.
    *   **Impact on Economic Sentiment:** Negative news from a major bank can dampen investor and consumer confidence, potentially leading to a decrease in spending and investment."
