Headline,Description,Time,Category,SourceFile
India's sword-wielding grandmother still going strong at 82,"At 82, Meenakshi Amma is possibly the oldest woman to practise an ancient Indian martial art.",7 hrs ago,Asia,article_23_news.html
"Designed in US, made in China: Why Apple is stuck",China sits at the heart of Apple's supply chain - and has benefited hugely from it. Can they break up?,1 day ago,Asia,article_16_news.html
Westminster's tortuous battle with the gender question,"Sir Keir Starmer and other leaders have tied themselves in knots over the question: ""What is a woman?""",3 hrs ago,Politics,article_10_news.html
'Fuming' Watkins channelled 'anger' into 'dynamite' display,Ollie Watkins has a message for his manager Unai Emery - he wants to start the biggest games after inspiring Aston Villa to victory over Newcastle.,10 hrs ago,Aston Villa,article_31_news.html
"No global recession despite US tariffs, says IMF","The international economic group predicts ""notable markdowns, but not recession"".",3 days ago,Business,article_8_business.html
2025 Sony World Photography Awards: Winners revealed,Sony Photography Awards: Winner explores the tension between artificial spaces and environmental destruction,6 hrs ago,In Pictures,article_25_news.html
Hopes for Iran nuclear talks tempered by threats and mixed messages,Iranian and US officials agree to continue with a third round of high-stakes talks on a new nuclear deal.,16 hrs ago,World,article_28_news.html
Why I want an IVF baby to screen out gene that made me go blind,Blind influencer Lucy Edwards on choosing IVF which will screen out the gene that made her who she is.,6 hrs ago,N/A,article_22_news.html
US Supreme Court halts deportation of detained Venezuelans,The accused gang members are being sent to a notorious jail in El Salvador under a 19th-Century law.,9 hrs ago,US & Canada,article_17_news.html
"Designed in US, made in China: Why Apple is stuck",China sits at the heart of Apple's supply chain - and has benefited hugely from it. Can they break up?,1 day ago,Asia,article_2_business.html
PM Modi and Elon Musk talk India-US tech collaboration,Modi said he discussed with Musk India's potential to collaborate with the US on technology.,2 days ago,World,article_6_business.html
Pakistan expels tens of thousands of Afghans,Pakistan has accelerated its drive to expel Afghans who are undocumented or had temporary permission to stay.,16 hrs ago,Asia,article_11_news.html
Why everyone is suddenly so interested in US bond markets,"What is happening with US bonds, why Donald Trump cares and how ordinary Americans could be affected.",22 hrs ago,US & Canada,article_1_business.html
Hendrix's guitar ended up at the tip after 'first rock festival',Was a Spalding event featuring Jimi Hendrix the first rock festival? Those who were there think so.,2 hrs ago,England,article_24_news.html
Nvidia: The AI chip giant caught between US and China,"Led by Jensen Huang, dubbed the 'Taylor Swift of tech', the chip giant has become pivotal in the race for AI supremacy.",2 days ago,Asia,article_5_business.html
"Designed in US, made in China: Why Apple is stuck",China sits at the heart of Apple's supply chain - and has benefited hugely from it. Can they break up?,1 day ago,Asia,article_30_news.html
"Google has illegal advertising monopoly, judge rules","It is the second major case Google has lost in a year, after it was found to have a monopoly on online search.",2 days ago,Technology,article_10_business.html
Actor in film warning of revenge killings shot dead in family feud,A top Somali actor is targeted in a revenge killing shortly after making a film warning about such feuds.,1 day ago,Africa,article_29_news.html
India's sword-wielding grandmother still going strong at 82,"At 82, Meenakshi Amma is possibly the oldest woman to practise an ancient Indian martial art.",7 hrs ago,Asia,article_14_news.html
Starmer and Trump discuss 'productive' trade talks,The men held their first call since the US president imposed tariffs on UK goods earlier this month.,1 day ago,UK,article_4_business.html
Why everyone is suddenly so interested in US bond markets,"What is happening with US bonds, why Donald Trump cares and how ordinary Americans could be affected.",22 hrs ago,US & Canada,article_0_business.html
Earl Grey tea bread crowned Britain's best loaf,Miyo Aoetsu has won the award for the second time after a previous triumph in 2023.,6 hrs ago,Derbyshire,article_21_news.html
Hendrix's guitar ended up at the tip after 'first rock festival',Was a Spalding event featuring Jimi Hendrix the first rock festival? Those who were there think so.,2 hrs ago,England,article_19_news.html
Westminster's tortuous battle with the gender question,"Sir Keir Starmer and other leaders have tied themselves in knots over the question: ""What is a woman?""",3 hrs ago,Politics,article_8_news.html
Crucible curse? Reigning champion Wilson loses to Lei,Debutant Lei Peifan stuns defending champion Kyren Wilson by fighting back from 6-2 down to triumph 10-9 as the 'Crucible curse' strikes again.,13 hrs ago,Snooker,article_33_news.html
2025 Sony World Photography Awards: Winners revealed,Sony Photography Awards: Winner explores the tension between artificial spaces and environmental destruction,6 hrs ago,In Pictures,article_27_news.html
US Supreme Court halts deportation of detained Venezuelans,The accused gang members are being sent to a notorious jail in El Salvador under a 19th-Century law.,9 hrs ago,US & Canada,article_12_news.html
Trump's tariffs leave China's neighbours with an impossible choice,Ambitious economies like Vietnam and Indonesia are stuck between China and the US as the trade war escalates.,2 days ago,Asia,article_7_business.html
Anxiety at US colleges as foreign students are detained and visas revoked,"High-profile detentions and visa revocations are putting students on edge, as Trump tightens his squeeze on US schools.",1 day ago,US & Canada,article_3_business.html
Thousands join anti-Trump protests across US,"Demonstrations, taking place on the 250th anniversary of the start of the American Revolutionary War, addressed a range of grievances.",6 hrs ago,US & Canada,article_15_news.html
"'My home is worth millions, but my kids can't afford to live here'","Housing has taken a back seat in Canada's election to Donald Trump's tariffs, but advocates argue the affordability crisis is just as disruptive.",2 days ago,US & Canada,article_9_business.html
Why I hesitate to tell people I'm a Gypsy,Romany women share their experiences of hiding their heritage for fear of prejudice.,7 hrs ago,UK,article_20_news.html
Fleetwood in contention as Kim leads RBC Heritage,England's Tommy Fleetwood is three shots adrift of leader Kim Si-woo heading into Sunday's final round of the PGA Tour's RBC Heritage in South Carolina.,8 hrs ago,Golf,article_34_news.html
Why I hesitate to tell people I'm a Gypsy,Romany women share their experiences of hiding their heritage for fear of prejudice.,7 hrs ago,UK,article_18_news.html
US judge says Trump administration could be in contempt over deportation flights,"The US government is accused of ""wilful disregard"" of a ruling blocking the deportation of 200 individuals to El Salvador.",22 mins ago,Latin America,article_9_news.html
"Designed in US, made in China: Why Apple is stuck",China sits at the heart of Apple's supply chain - and has benefited hugely from it. Can they break up?,1 day ago,Asia,article_26_news.html
'Fuming' Watkins channelled 'anger' into 'dynamite' display,Ollie Watkins has a message for his manager Unai Emery - he wants to start the biggest games after inspiring Aston Villa to victory over Newcastle.,10 hrs ago,Aston Villa,article_32_news.html
Pakistan expels tens of thousands of Afghans,Pakistan has accelerated its drive to expel Afghans who are undocumented or had temporary permission to stay.,16 hrs ago,Asia,article_13_news.html
